Id,Label,gender,age,team（复仇者联盟、银河护卫队、神盾局）,team(正派 (Hero)、反派 (Villain)、中立 (Neutral) -主属性-只写英文）,race,first_appearance（剧中）,cleaned_year,era,Degree Centrality,Betweenness Centrality,Closeness Centrality,Eigenvector Centrality,Clustering Coefficient
Black Panther / T'chal,Black Panther / T'chal,male,35,"Avengers, Wakandan Royal Guard, Illuminati",Hero,Black,1966,1966,Silver Age,0.3098159509202454,0.0020376865427808193,0.5916515426497277,0.07851289043244147,0.5617821782178218
Loki [asgardian],Loki [asgardian],Male,1000,"Acts of Vengeance, Cabal, Young Avengers",Villain,White,1962,1962,Silver Age,0.1901840490797546,0.0015727285716438091,0.5497470489038786,0.04545256108312669,0.5579058699101005
Mantis / ? Brandt,Mantis / ? Brandt,Female,30,"Avengers, Guardians of the Galaxy",Neutral,Asian,1974,1974,Bronze Age,0.07668711656441718,1.5174107243463717e-05,0.48656716417910445,0.025171217930920302,0.9233333333333333
Iceman / Robert Bobby,Iceman / Robert Bobby,Male,25,"X-Men, Champions, Defenders",Hero,White,1963,1963,Silver Age,0.49693251533742333,0.012271723496886145,0.6653061224489796,0.11015790566803177,0.40794417606011807
Marvel Girl / Jean Grey,Marvel Girl / Jean Grey,Female,25,"X-Men, X-Factor, Phoenix Force",Hero,White,1963,1963,Silver Age,0.47546012269938653,0.00973607716879564,0.6559356136820925,0.10599805348752554,0.42312526183493926
Cyclops / Scott Summer,Cyclops / Scott Summer,Male,28,"X-Men, X-Factor, Phoenix Force",Hero,White,1963,1963,Silver Age,0.6042944785276074,0.02234756637425961,0.7164835164835165,0.1230877169196704,0.3353361649228219
Klaw / Ulysses Klaw,Klaw / Ulysses Klaw,Male,45,"Fearsome Four, Masters of Evil",Villain,Black,1966,1966,Silver Age,0.16564417177914112,0.0005195145767877252,0.5442404006677797,0.04427280382731409,0.7071977638015374
Human Torch / Johnny S,Human Torch / Johnny S,Male,27,"Fantastic Four, Avengers, Future Foundation",Hero,White,1961,1961,before 1961,0.5920245398773006,0.017855017006991485,0.710239651416122,0.12318061339697234,0.3390544041450777
"Richards, Franklin B","Richards, Franklin B",Male,10,"Fantastic Four, Future Foundation",Hero,White,1968,1968,Silver Age,0.2822085889570552,0.0025892109453048103,0.5821428571428572,0.07573843159479782,0.5838509316770186
Wolverine / Logan,Wolverine / Logan,Male,120,"X-Men, Avengers, X-Force, Alpha Flight",Hero,White,1974,1974,Bronze Age,0.6748466257668712,0.03548708687569773,0.7546296296296297,0.13121725624674463,0.2975508509755085
Firebird / Bonita Juar,Firebird / Bonita Juar,Female,32,"Avengers, Rangers",Hero,Other,1981,1981,Bronze Age,0.11656441717791412,3.655449409803768e-05,0.5182829888712241,0.03717265344236327,0.914651493598862
Mr. Fantastic / Reed R,Mr. Fantastic / Reed R,Male,45,"Fantastic Four, Illuminati, Future Foundation",Hero,White,1961,1961,before 1961,0.6073619631901841,0.021072080826848166,0.7180616740088106,0.12223773623673724,0.3174383428190535
Medusa / Medusalith Am,Medusa / Medusalith Am,Female,35,"Inhuman Royal Family, Frightful Four, Fantastic Four",Hero,White,1965,1965,Silver Age,0.15337423312883436,0.0001863740205072669,0.5406301824212272,0.046549297650006725,0.8318367346938775
Dr. Strange / Stephen,Dr. Strange / Stephen,Male,40,"Defenders, Illuminati, Avengers",Hero,White,1963,1963,Silver Age,0.4325153374233129,0.006539525831057112,0.6379647749510763,0.10245129311291311,0.4581560283687943
Jack Of Hearts / Jack,Jack Of Hearts / Jack,Male,25,"Avengers, Defenders",Hero,White,1981,1981,Bronze Age,0.1196319018404908,0.0001728892369364885,0.5283630470016207,0.03545190100373444,0.7773279352226721
Mephisto,Mephisto,Male,10000,,Villain,White,1968,1968,Silver Age,0.17177914110429449,0.001013698660343783,0.5460636515912898,0.041637005096311415,0.5948051948051948
Thanos,Thanos,Male,1000,"Infinity Watch, Black Order",Villain,Other,1973,1973,Bronze Age,0.2392638036809816,0.0005260464247009073,0.5679442508710801,0.07204052399905282,0.7782217782217782
Swordsman / Jacques Du,Swordsman / Jacques Du,Male,40,"Avengers, Lethal Legion",Hero,White,1965,1965,Silver Age,0.08588957055214724,2.577598050639084e-05,0.49544072948328266,0.02819029856951385,0.9047619047619048
Collector / Taneleer T,Collector / Taneleer T,Male,1000,Elders of the Universe,Neutral,White,1966,1966,Silver Age,0.09202453987730061,3.324958359981932e-05,0.5150078988941548,0.030496011162783984,0.903448275862069
Lockjaw [inhuman],Lockjaw [inhuman],Male,10,"Inhuman Royal Family, Pet Avengers",Hero,Other,1965,1965,Silver Age,0.13803680981595093,0.00010414470695350089,0.5266558966074314,0.043347410047627634,0.8737373737373737
Sub-mariner / Namor Ma,Sub-mariner / Namor Ma,Male,90,"Invaders, Defenders, Illuminati, X-Men, Cabal",Neutral,Other,1939,1939,before 1961,0.4386503067484663,0.008255105197595303,0.6404715127701375,0.09723074880311124,0.41337535703732886
Pharaoh Rama-tut,Pharaoh Rama-tut,Male,3000,,Villain,White,1963,1963,Silver Age,0.2607361963190184,0.0007782682606820221,0.573943661971831,0.0765694596879176,0.7176470588235294
Ant-man Ii / Scott Har,Ant-man Ii / Scott Har,Male,30,"Avengers, Future Foundation, Guardians of the Galaxy",Hero,Other,1979,1979,Bronze Age,0.15644171779141106,0.00042560373958370123,0.5379537953795379,0.04316837655793731,0.7192156862745098
Lyja Lazerfist [skru,Lyja Lazerfist [skru,Female,28,Fantastic Four,Neutral,Other,1991,1991,Modern Age,0.09815950920245399,8.328599936121432e-05,0.5232744783306581,0.027757515011420836,0.8044354838709677
Gorgon [inhuman],Gorgon [inhuman],Male,40,Inhuman Royal Family,Hero,White,1965,1965,Silver Age,0.13496932515337423,0.00010412160341935351,0.535303776683087,0.04252838177842218,0.8847780126849895
Nighthawk Ii / Kyle Ri,Nighthawk Ii / Kyle Ri,Male,35,"Squadron Supreme, Defenders",Hero,Black,1976,1976,Bronze Age,0.09815950920245399,6.632580773799944e-05,0.5207667731629393,0.029467193302771578,0.8508064516129032
"Cage, Luke / Carl Luca","Cage, Luke / Carl Luca",Male,35,"Avengers, Defenders, Heroes for Hire",Hero,White,1972,1972,Bronze Age,0.1901840490797546,0.001577716883330225,0.5516074450084603,0.05125136996165259,0.6345848757271285
Colossus Ii / Peter Ra,Colossus Ii / Peter Ra,Male,27,"X-Men, X-Force, Phoenix Force",Hero,White,1975,1975,Bronze Age,0.5766871165644172,0.01772873438190978,0.7025862068965517,0.11962853317015396,0.3509500512003641
Hellcat / Patsy Walker,Hellcat / Patsy Walker,Female,30,"Avengers, Defenders",Hero,Other,2012,2012,Modern Age,0.1901840490797546,0.0007359686147964566,0.5516074450084603,0.0530901228193391,0.6758328926493918
Karnak [inhuman],Karnak [inhuman],Male,35,Inhuman Royal Family,Hero,White,1965,1965,Silver Age,0.13803680981595093,0.00010967902298084175,0.5361842105263158,0.04335868751181424,0.8818181818181818
Death,Death,Female,10000,,Neutral,Other,1941,1941,before 1961,0.13190184049079756,0.0012676438528766254,0.535303776683087,0.041014164689778525,0.8372093023255814
Redwing,Redwing,Male,5,Avengers,Hero,Black,1969,1969,Silver Age,0.07668711656441718,0.00014515597273289133,0.5150078988941548,0.018821452349674948,0.7133333333333334
Daredevil / Matt Murdo,Daredevil / Matt Murdo,Male,35,"Defenders, Marvel Knights, Avengers",Hero,White,1964,1964,Silver Age,0.4447852760736196,0.013280259338858246,0.6417322834645669,0.09872879018555057,0.4095785440613027
"Norriss, Sister Barb","Norriss, Sister Barb",Female,30,,Hero,White,1973,1973,Bronze Age,0.18711656441717792,0.0006027981887485656,0.5506756756756757,0.05132649553564099,0.6797814207650273
Rage / Elvin Daryl Hal,Rage / Elvin Daryl Hal,Male,16,"Avengers, New Warriors",Hero,White,1991,1991,Modern Age,0.1441717791411043,0.0002193093760793456,0.5379537953795379,0.04300818842673918,0.8094357076780758
Starfox / Eros,Starfox / Eros,Male,1000,"Avengers, Guardians of the Galaxy",Hero,Other,1983,1983,Bronze Age,0.22392638036809817,0.0011065629751946546,0.5630397236614854,0.06062914347562337,0.6415525114155252
Demolition Man / Denni,Demolition Man / Denni,Male,35,"Avengers, Unlimited Class Wrestling Federation",Hero,White,1987,1987,Modern Age,0.09202453987730061,0.00011913071454978286,0.49770992366412214,0.027450357544919157,0.8022988505747126
Sersi / Sylvia,Sersi / Sylvia,Female,5000,"Avengers, Eternals",Hero,White,1989,1989,Modern Age,0.25153374233128833,0.0019571887224581466,0.5709281961471103,0.06364133986017005,0.5739235170129479
Spider-man / Peter Parker,Spider-man / Peter Parker,Male,28,"Avengers, Fantastic Four, Future Foundation, New Warriors",Hero,White,1962,1962,Silver Age,0.6687116564417178,0.06180893220299028,0.7511520737327189,0.12375189187336597,0.276201750306515
Vision,Vision,Male,5,"Avengers, West Coast Avengers, Illuminati",Hero,White,1968,1968,Silver Age,0.6533742331288344,0.028624301178771634,0.7425968109339408,0.12724776896390277,0.29550890247143236
Uatu,Uatu,Male,10000,Watchers,Neutral,Other,1963,1963,Silver Age,0.25153374233128833,0.0007462517033293199,0.5719298245614035,0.07301766391068495,0.6997892201144233
Binary / Carol Danvers,Binary / Carol Danvers,Female,35,"Avengers, X-Men, Guardians of the Galaxy",Hero,White,1979,1979,Bronze Age,0.2638036809815951,0.0030630913640604385,0.5759717314487632,0.06683704621233982,0.5499316005471956
"Gyrich, Henry Peter","Gyrich, Henry Peter",Male,50,,Neutral,White,1977,1977,Bronze Age,0.1687116564417178,0.0008062359209964395,0.5370675453047776,0.047163427932908765,0.6632996632996633
Nightcrawler / Kurt Wa,Nightcrawler / Kurt Wa,Male,25,"X-Men, Excalibur",Hero,Black,1975,1975,Bronze Age,0.43558282208588955,0.008620155900904694,0.6392156862745098,0.0920422243569867,0.39606432923783835
Angel / Warren Kenneth,Angel / Warren Kenneth,Male,28,"X-Men, X-Factor, Champions, Defenders",Hero,White,1963,1963,Silver Age,0.5184049079754601,0.012523265650341788,0.6749482401656315,0.11276318589873202,0.39180050718512255
Silver Surfer / Norrin,Silver Surfer / Norrin,Male,35,"Defenders, Guardians of the Galaxy, Annihilators",Neutral,White,1966,1966,Silver Age,0.36503067484662577,0.0036908872534314055,0.6116322701688556,0.09082327735233155,0.5265631676399374
She-hulk / Jennifer Wa,She-hulk / Jennifer Wa,Female,32,"Avengers, Fantastic Four, Future Foundation",Hero,White,1980,1980,Bronze Age,0.5460122699386504,0.012879877492563394,0.6877637130801688,0.11777195760114817,0.37250047609979053
Ghaur [deviant],Ghaur [deviant],Male,500,,Villain,White,1985,1985,Bronze Age,0.06134969325153374,7.009848935941035e-05,0.5038639876352395,0.019161007692950507,0.8157894736842105
Dr. Doom / Victor Von,Dr. Doom / Victor Von,Male,45,"Fantastic Four, Cabal, Infamous Iron Man",Villain,White,1962,1962,Silver Age,0.38650306748466257,0.0036279648157013147,0.6197718631178707,0.09647788134805936,0.5186031746031746
Storm / Ororo Munroe S,Storm / Ororo Munroe S,Female,30,"X-Men, Avengers, Fantastic Four",Hero,Other,1975,1975,Bronze Age,0.5828220858895705,0.018403267162696524,0.7056277056277056,0.12006587207302549,0.3464216095795043
Scarlet Witch / Wanda,Scarlet Witch / Wanda,Female,35,"Avengers, Brotherhood of Evil Mutants, West Coast Avengers",Hero,White,1964,1964,Silver Age,0.5950920245398773,0.018814076166521317,0.7117903930131004,0.12228529857369135,0.33203354521660167
Toad / Mortimer Toynbe,Toad / Mortimer Toynbe,Male,35,"Brotherhood of Evil Mutants, X-Factor",Villain,White,1964,1964,Silver Age,0.11656441717791412,0.000267210294794744,0.5309446254071661,0.034711300432340095,0.7638691322901849
Hulk / Dr. Robert Bruce Banner,Hulk / Dr. Robert Bruce Banner,Male,40,"Avengers, Defenders, Illuminati",Hero,White,1962,1962,Silver Age,0.558282208588957,0.014016161477632249,0.6936170212765957,0.1193489315592906,0.3633052030842086
Firestar / Angelica Jo,Firestar / Angelica Jo,Female,25,"X-Men, New Warriors, Avengers",Hero,Asian,1985,1985,Bronze Age,0.2791411042944785,0.0024413147231005148,0.5811051693404634,0.07813092014493103,0.6493284493284494
Wonder Man / Simon Wil,Wonder Man / Simon Wil,Male,35,"Avengers, West Coast Avengers, Revengers",Hero,Other,1964,1964,Silver Age,0.49386503067484666,0.008053960988847898,0.6639511201629328,0.11289111273357597,0.4201863354037267
Drax / Arthur Douglas,Drax / Arthur Douglas,Male,35,"Guardians of the Galaxy, Infinity Watch",Hero,Other,1973,1973,Bronze Age,0.23006134969325154,0.00026785237495084073,0.5649913344887348,0.07171268952959656,0.8313513513513513
"Dugan, Timothy Aloyi","Dugan, Timothy Aloyi",Male,65,"Howling Commandos, S.H.I.E.L.D.",Hero,White,1963,1963,Silver Age,0.147239263803681,0.0006864762591389791,0.5397350993377483,0.043982400340729456,0.7313829787234043
"Carter, Sharon","Carter, Sharon",Female,35,S.H.I.E.L.D.,Hero,White,1966,1966,Silver Age,0.06134969325153374,5.47522847095469e-05,0.4787077826725404,0.01495632825310136,0.8
Black Knight V / Dane,Black Knight V / Dane,Male,35,"Avengers, MI-13, Heroes for Hire",Hero,White,1967,1967,Silver Age,0.4325153374233129,0.006349386993929726,0.63671875,0.10303735608420136,0.46707193515704154
Sunfire / Shiro Yoshid,Sunfire / Shiro Yoshid,Male,30,"X-Men, Avengers, Big Hero 6",Hero,White,1970,1970,Silver Age,0.15644171779141106,0.00034754370896441817,0.5344262295081967,0.04760575517161077,0.7474509803921568
Triton,Triton,Male,35,Inhuman Royal Family,Hero,White,1965,1965,Silver Age,0.11656441717791412,0.00011087319045874327,0.5300813008130081,0.03532618351684583,0.8620199146514936
Ultron,Ultron,Male,10,"Masters of Evil, Phalanx",Villain,White,1968,1968,Silver Age,0.15950920245398773,0.00016382983328446172,0.5424292845257903,0.04754780736945443,0.8288084464555053
"Jones, Richard Milho","Jones, Richard Milho",Male,30,,Hero,White,1962,1962,Silver Age,0.20552147239263804,0.00048198853602592225,0.5563139931740614,0.05985773336056575,0.7191316146540027
Iron Man / Tony Stark,Iron Man / Tony Stark,Male,45,"Avengers, Illuminati, Guardians of the Galaxy",Hero,White,1963,1963,Silver Age,0.6226993865030676,0.024893411682719642,0.7260579064587973,0.11896061183030368,0.2918109544944642
"Nelson, Franklin Fog","Nelson, Franklin Fog",Male,50,,Hero,White,1964,1964,Silver Age,0.12269938650306748,0.000691938873290406,0.5283630470016207,0.026037830631929913,0.5448717948717948
Captain America,Captain America,Male,35,"Avengers, Invaders, Illuminati",Hero,White,1941,1941,before 1961,0.7914110429447853,0.06712415218882699,0.8274111675126904,0.1394186977547888,0.23792718607667482
"Jarvis, Edwin","Jarvis, Edwin",Male,65,Avengers,Hero,White,1964,1964,Silver Age,0.39877300613496935,0.00979619704903395,0.6233269598470363,0.08615706867384515,0.4098986285032797
Quasar Iii / Wendell V,Quasar Iii / Wendell V,Male,30,"Avengers, Guardians of the Galaxy, Annihilators",Neutral,White,1978,1978,Bronze Age,0.3834355828220859,0.004369667899951005,0.618595825426945,0.09561412973640883,0.5221935483870968
"Jameson, J. Jonah","Jameson, J. Jonah",Male,55,,Neutral,Other,1963,1963,Silver Age,0.25766871165644173,0.008888367355469622,0.5729349736379613,0.05579764988774813,0.4670109007458405
"Masters, Alicia Reis","Masters, Alicia Reis",Female,30,Fantastic Four,Villain,White,1962,1962,Silver Age,0.17791411042944785,0.00021758327513284054,0.5478991596638656,0.05491705251323972,0.8064125831820932
Magneto / Magnus / Eric,Magneto / Magnus / Eric,Male,60,"X-Men, Brotherhood of Evil Mutants",Hero,White,1963,1963,Silver Age,0.36503067484662577,0.006873487691439136,0.6116322701688556,0.08057781186394536,0.446944879646774
Invisible Woman / Sue,Invisible Woman / Sue,Female,35,"Fantastic Four, Future Foundation, Avengers",Hero,Black,1961,1961,before 1961,0.598159509202454,0.018605411074321763,0.7133479212253829,0.1231504840814568,0.33000264340470525
Professor X / Charles,Professor X / Charles,Male,60,"X-Men, Illuminati",Hero,White,1963,1963,Silver Age,0.5674846625766872,0.017495276322605283,0.6980728051391863,0.11850825803580688,0.3572855464159812
Iron Fist / Daniel Ran,Iron Fist / Daniel Ran,Male,30,"Defenders, Heroes for Hire, Avengers",Hero,Black,1974,1974,Bronze Age,0.17177914110429449,0.0008623681246927195,0.5460636515912898,0.04975969008799372,0.6811688311688312
Black Bolt / Blackanto,Black Bolt / Blackanto,Male,40,"Inhuman Royal Family, Illuminati",Hero,White,1965,1965,Silver Age,0.13496932515337423,9.490415226315415e-05,0.535303776683087,0.04292386271402883,0.8974630021141649
Hawk,Hawk,Male,35,"Avengers, Thunderbolts",Hero,White,1974,1974,Bronze Age,0.5214723926380368,0.01338459526012733,0.6763485477178424,0.10914159526148332,0.35976331360946745
Sandman / William Bake,Sandman / William Bake,Male,35,"Frightful Four, Sinister Six, Avengers",Villain,White,1963,1963,Silver Age,0.17177914110429449,0.0006147141889454018,0.5424292845257903,0.04728457863265182,0.7064935064935065
Falcon / Sam Wilson,Falcon / Sam Wilson,Male,40,"Avengers, S.H.I.E.L.D.",Hero,White,1969,1969,Silver Age,0.25766871165644173,0.002069639518807757,0.5729349736379613,0.06574048178081371,0.5834767641996558
Stingray / Dr. Walter,Stingray / Dr. Walter,Male,40,"Avengers, Defenders",Hero,White,1969,1969,Silver Age,0.11656441717791412,0.00017285462862705146,0.5174603174603175,0.03556504316280997,0.817923186344239
Justice Ii / Vance Ast,Justice Ii / Vance Ast,Male,25,"New Warriors, Avengers",Hero,White,1975,1975,Bronze Age,0.15030674846625766,0.0006594527311550337,0.5388429752066116,0.04398775599483583,0.7448979591836735
Hercules [greek God],Hercules [greek God],Male,3000,"Avengers, Champions, Gods of Olympus",Hero,White,1964,1964,Silver Age,0.5245398773006135,0.014562022144098791,0.6777546777546778,0.1135789706599199,0.3804609563123495
Usagent / Captain John,Usagent / Captain John,Male,20s,"Avengers, West Coast Avengers, Force Works, Commission on Superhuman Activities, Omega Flight, Thunderbolts, S.H.I.E.L.D.",Hero,White,1986,1986,Modern Age,0.2852760736196319,0.0016864406973403833,0.5821428571428572,0.08044016212945099,0.6610565684899485
Captain Marvel Ii / Mo,Captain Marvel Ii / Mo,Female,20s,"Avengers, Nextwave, Ultimates, S.H.I.E.L.D.",Hero,Black,1982,1982,Bronze Age,0.3006134969325153,0.0023299549942498244,0.5873873873873874,0.07383173438623618,0.5529139490847885
Crystal [inhuman],Crystal [inhuman],Female,teens,"Inhumans, Fantastic Four, Avengers, Galactic Council, Universal Inhumans, Knights of the Infinite",Hero,Other,1965,1965,Silver Age,0.34969325153374237,0.0022092731262122927,0.6048237476808905,0.09276678762838406,0.5865548827821767
Tigra / Greer Nelson,Tigra / Greer Nelson,Female,20s,"Avengers, West Coast Avengers, Avengers Academy, Lady Liberators, New Warriors, Midnight Mission, S.H.I.E.L.D.",Hero,White,1972,1972,Bronze Age,0.2392638036809816,0.0007515984277166981,0.5669565217391305,0.06735972221372519,0.6843156843156843
Spider-woman Ii / Juli,Spider-woman Ii / Juli,Female,20s,"Avengers, West Coast Avengers, Omega Flight, Commission on Superhuman Activities, Force Works",Hero,White,1984,1984,Bronze Age,0.27607361963190186,0.001133268553281,0.5790408525754884,0.07800935777592942,0.6626716604244695
Machine Man / X-51,Machine Man / X-51,Male,N/A (Robot),"Avengers, S.H.I.E.L.D., Nextwave, Mercs for Money",Hero,Other,1977,1977,Bronze Age,0.13190184049079756,6.112258037667835e-05,0.5344262295081967,0.0440336410134475,0.9014396456256921
Mockingbird / Dr. Barb,Mockingbird / Dr. Barb,Female,20s,"S.H.I.E.L.D., Avengers, West Coast Avengers, New Avengers, Secret Avengers",Hero,White,1971,1971,Bronze Age,0.1901840490797546,0.0005265238629175675,0.5516074450084603,0.056127893992254166,0.7398202009518773
Captain Marvel / Capta,Captain Marvel / Capta,Male,30s,"Avengers, Kree Empire, Starforce",Hero,Other,1967,1967,Silver Age,0.11349693251533742,7.612277458818541e-05,0.5258064516129032,0.03601490680339941,0.8468468468468469
Wasp / Janet Van Dyne,Wasp / Janet Van Dyne,Female,20s,"Avengers, Lady Liberators, Initiative, Secret Avengers, Mighty Avengers, New Avengers",Hero,White,1963,1963,Silver Age,0.5766871165644172,0.01620200024568797,0.7025862068965517,0.1191079720640278,0.33775173512344975
"Fury, Col. Nicholas","Fury, Col. Nicholas",Male,30s,"S.H.I.E.L.D., Avengers, Howling Commandos, United States Army",Hero,White,1963,1963,Silver Age,0.3282208588957055,0.004876731030305364,0.5981651376146789,0.07950660640518928,0.4903897019925939
Thor / Dr. Donald Blak,Thor / Dr. Donald Blak,Male,Unknown (Asgardian),"Avengers, Guardians of the Galaxy, Revengers, Asgardians, God Squad",Hero,Other,1962,1962,Silver Age,0.6288343558282209,0.02864758978950041,0.7293064876957495,0.11735758873989494,0.284026781444285
Quicksilver / Pietro M,Quicksilver / Pietro M,Male,teens,"Brotherhood of Evil Mutants, Avengers, X-Factor, Inhumans, Mighty Avengers, Knights of Wundagore",Villain,White,1964,1964,Silver Age,0.48773006134969327,0.01332043953263921,0.6612576064908722,0.11030635952974481,0.4110341533317411
Captain Britain / Bria,Captain Britain / Bria,Male,20s,"Excalibur, Captain Britain Corps, Avengers, MI-13, New Excalibur",Hero,White,1976,1976,Bronze Age,0.13496932515337423,0.00042612402336147297,0.5361842105263158,0.041106046708299246,0.7315010570824524
Shadowcat / Katherine,Shadowcat / Katherine,Female,13,"X-Men, Excalibur, S.H.I.E.L.D., Jean Grey School, Guardians of the Galaxy, New Mutants",Hero,White,1980,1980,Bronze Age,0.34662576687116564,0.004599031810873507,0.6048237476808905,0.07831245071265192,0.46918457648546147
Black Widow / Natasha,Black Widow / Natasha,Female,Unknown (enhanced),"Avengers, S.H.I.E.L.D., KGB, Red Room, Stark Industries, Champions, Thunderbolts",Villain,White,1964,1964,Silver Age,0.450920245398773,0.007510124694601674,0.6455445544554456,0.10363804573293822,0.43658559314136614
Ant-man / Dr. Henry J.,Ant-man / Dr. Henry J.,Male,30s,"Avengers, West Coast Avengers, Mighty Avengers, S.H.I.E.L.D., Defenders",Hero,White,1962,1962,Silver Age,0.5,0.010303923753235312,0.6666666666666666,0.10977450603281365,0.38839657653563586
Moon Knight / Marc Spe,Moon Knight / Marc Spe,Male,30s,"Avengers, Midnight Sons, West Coast Avengers, Secret Avengers",Hero,White,1975,1975,Bronze Age,0.2116564417177914,0.0008846618935276675,0.5582191780821918,0.06376014398832534,0.7399829497016198
Jocasta,Jocasta,Female,N/A (Android),"Avengers, Mighty Avengers, Avengers Academy, Mavericks",Villain,Other,1977,1977,Bronze Age,0.08282208588957056,3.605103741017661e-05,0.5069984447900466,0.026731584817411495,0.9002849002849003
Moondragon / Heather D,Moondragon / Heather D,Female,20s,"Guardians of the Galaxy, Avengers, Defenders, Infinity Watch",Hero,White,1973,1973,Bronze Age,0.3159509202453988,0.0017375935379014538,0.5938069216757741,0.08741429158877433,0.6476299257567104
Thing / Benjamin J. Gr,Thing / Benjamin J. Gr,Male,30s,"Fantastic Four, Avengers, Guardians of the Galaxy, Heroes for Hire, S.H.I.E.L.D.",Hero,White,1961,1961,before 1961,0.656441717791411,0.025036538867153575,0.7442922374429224,0.1297555389192671,0.3013031459786758
Beast / Henry &hank& P,Beast / Henry &hank& P,Male,teens,"X-Men, Avengers, Defenders, X-Factor, Illuminati, Secret Avengers, Jean Grey School",Hero,White,1963,1963,Silver Age,0.6288343558282209,0.03120304535740402,0.7293064876957495,0.12603837063681292,0.31850789096126253
Nova / Richard Rider,Nova / Richard Rider,Male,17,"Nova Corps, Avengers, Champions, New Warriors, Guardians of the Galaxy",Hero,White,1976,1976,Bronze Age,0.3159509202453988,0.0022748907312994918,0.5938069216757741,0.0858098646046741,0.6226917951646678
Wrecker Iii / Dirk Gar,Wrecker Iii / Dirk Gar,Male,30s,"Wrecking Crew, Masters of Evil, Thunderbolts",Villain,White,1968,1968,Silver Age,0.16564417177914112,0.0006586197764774732,0.5442404006677797,0.04285540363542287,0.7176799440950384
Warlock Ii / Adam Warl,Warlock Ii / Adam Warl,Male,N/A (Artificial),"Guardians of the Galaxy, Infinity Watch, Annihilators, Avengers",Hero,Other,1967,1967,Silver Age,0.23006134969325154,0.00028379427762770444,0.5649913344887348,0.07065880642028671,0.8241441441441442
Piledriver Ii / Brian,Piledriver Ii / Brian,Male,30s,"Wrecking Crew, Masters of Evil, Thunderbolts",Villain,White,1974,1974,Bronze Age,0.15030674846625766,0.0004329287471706224,0.5397350993377483,0.040574136308659955,0.7891156462585034
Thunderball / Dr. Elio,Thunderball / Dr. Elio,Male,30s,"Wrecking Crew, Frightful Four, Masters of Evil, Secret Empire, Illuminati, Lethal Legion",Villain,Black,1974,1974,Bronze Age,0.1687116564417178,0.0007424994520530585,0.5451505016722408,0.04371573609214561,0.7016835016835017
Dr. Octopus / Otto Oct,Dr. Octopus / Otto Oct,Male,30s,"Sinister Six, Masters of Evil, Thunderbolts, Avengers, Mighty Avengers, Parker Industries, Horizon Labs, Spiderlings, Superior Six, Spider-Army / Web-Warriors, Legion Accursed",Villain,White,1963,1963,Silver Age,0.17484662576687118,0.0025391613562428146,0.5469798657718121,0.039716868214717704,0.62531328320802
"Banner, Betty Ross T","Banner, Betty Ross T",Female,20s,"Hulk supporting cast, Hulkbusters",Neutral,White,1962,1962,Silver Age,0.11349693251533742,7.483826280131523e-05,0.5292207792207793,0.03669389823227099,0.8723723723723724
Avalanche / Dominic Pe,Avalanche / Dominic Pe,Male,20s,"Brotherhood of Evil Mutants, X-Corps, Freedom Force, Project Wide Awake",Villain,White,1981,1981,Bronze Age,0.1196319018404908,0.00025915163594104944,0.5199362041467305,0.030369742683582453,0.7705802968960864
Attuma,Attuma,Male,Unknown,"Atlanteans, Lethal Legion, Deep Six, The Worthy, Cabal, Talokan",Villain,Other,1964,1964,Silver Age,0.0736196319018405,2.7850923221144084e-05,0.5046439628482973,0.024405910258391516,0.8804347826086957
Hela [asgardian],Hela [asgardian],Female,Unknown (Asgardian),"Asgardians, Cabal, Fear Lords",Villain,Other,1964,1964,Silver Age,0.10122699386503067,0.0009170298546544869,0.5166402535657686,0.019329410312841855,0.5284090909090909
Doc Samson / Dr. Leona,Doc Samson / Dr. Leona,Male,30s,"S.H.I.E.L.D., Agents of S.M.A.S.H., Gamma Flight",Hero,White,1971,1971,Bronze Age,0.12269938650306748,9.230682269061975e-05,0.531810766721044,0.040254876641489495,0.8782051282051282
Guardian / James Macdo,Guardian / James Macdo,Male,30s,"Alpha Flight, Beta Flight, Department H",Hero,White,1979,1979,Bronze Age,0.10122699386503067,0.00013495672286706825,0.5158227848101266,0.03300266472119248,0.8636363636363636
Northstar / Jean-paul,Northstar / Jean-paul,Male,20s,"Alpha Flight, X-Men, Jean Grey School",Hero,White,1979,1979,Bronze Age,0.22699386503067484,0.0005575956263651052,0.5630397236614854,0.06945556050466185,0.7911884487226953
Dr. Druid / Anthony Lu,Dr. Druid / Anthony Lu,Male,40s,"Avengers, Monster Hunters, Defenders, Secret Defenders, Legion of the Unliving, A.I.M., Bureau 18, Shock Troop",Hero,White,1961,1961,before 1961,0.21779141104294478,0.0003766981817602802,0.5601374570446735,0.06887386640347501,0.8350100603621731
"Watson-parker, Mary","Watson-parker, Mary",Female,teens,Spider-Man supporting cast,Neutral,White,1965,1965,Silver Age,0.17791411042944785,0.0032545158627542395,0.5442404006677797,0.031786728061967945,0.4869933454325469
Mystique / Raven Darkh,Mystique / Raven Darkh,Female,Unknown (Shapeshifter),"Brotherhood of Mutants, Freedom Force, X-Men, Mystique's Brotherhood, Sisterhood of Mutants",Villain,Other,1978,1978,Bronze Age,0.17791411042944785,0.0006473970139365776,0.5258064516129032,0.038558006911433504,0.6454930429522081
Pyro / Allerdyce Johnn,Pyro / Allerdyce Johnn,Male,20s,"Brotherhood of Mutants, Freedom Force, Lethal Legion, Marauders, X-Men",Villain,White,1981,1981,Bronze Age,0.1411042944785276,0.0003976065447427282,0.5258064516129032,0.03301754721202516,0.714975845410628
Destiny Ii / Irene Adl,Destiny Ii / Irene Adl,Female,60s,"Brotherhood of Mutants, Freedom Force",Villain,White,1981,1981,Bronze Age,0.10122699386503067,0.00013146658293999438,0.5,0.024343060640299227,0.7916666666666666
Mister Hyde / Calvin Z,Mister Hyde / Calvin Z,Male,40s,"Masters of Evil, Lethal Legion, Thunderbolts, Army of Evil, Hood's Gang",Villain,White,1964,1964,Silver Age,0.0736196319018405,0.0001711186671438546,0.48875562218890556,0.016699676908535393,0.6847826086956522
Ghost Rider Ii / Johnn,Ghost Rider Ii / Johnn,Male,20s,"Spirits of Vengeance, Avengers, Midnight Sons, Champions",Hero,White,1972,1972,Bronze Age,0.08282208588957056,0.00021073119909435694,0.5158227848101266,0.026865523143927345,0.7948717948717948
Mole Man / Harvey Rupe,Mole Man / Harvey Rupe,Male,40s,"Subterranea, Outcasts, Lethal Legion",Villain,White,1961,1961,before 1961,0.10736196319018405,3.513830147114746e-05,0.5275080906148867,0.038981107923469316,0.9142857142857143
Firelord / Pyreus Kril,Firelord / Pyreus Kril,Male,Unknown,"Heralds of Galactus, Avengers, Nova Corps",Hero,Other,1974,1974,Bronze Age,0.11042944785276074,8.243168017666797e-05,0.5292207792207793,0.03476480151819837,0.8571428571428571
Leader / Sam Sterns,Leader / Sam Sterns,Male,30s,"Intelligencia, Hulk villains",Villain,White,1964,1964,Silver Age,0.052147239263803685,0.0,0.49022556390977445,0.018285460869407827,1.0
"Le Fey, Morgan","Le Fey, Morgan",Female,Unknown (Sorceress),"Darkhold Covenant, Camelot Court, Doom's Cabal",Villain,White,1979,1979,Bronze Age,0.05521472392638037,8.50500473533459e-06,0.4808259587020649,0.01902237610424336,0.9215686274509803
Bulldozer / Henry Camp,Bulldozer / Henry Camp,Male,30s,"Wrecking Crew, Masters of Evil, Thunderbolts",Villain,White,1974,1974,Bronze Age,0.15030674846625766,0.0004329287471706224,0.5397350993377483,0.040574136308659955,0.7891156462585034
Forgotten One / Gilgam,Forgotten One / Gilgam,Male,Unknown (Eternal),"Eternals, Avengers",Hero,Other,1976,1976,Bronze Age,0.08588957055214724,9.255177888208203e-05,0.4880239520958084,0.02600906163039406,0.8201058201058201
Balder [asgardian],Balder [asgardian],Male,Unknown (Asgardian),Asgardians,Hero,Other,1962,1962,Silver Age,0.10122699386503067,0.0003939517140282668,0.5069984447900466,0.019428462143202926,0.678030303030303
Hogun [asgardian],Hogun [asgardian],Male,Unknown (Asgardian),"Asgardians, Warriors Three",Hero,Other,1965,1965,Silver Age,0.13496932515337423,0.0008534548442554501,0.535303776683087,0.027706663788960535,0.5697674418604651
Hellstorm / Daimon Hel,Hellstorm / Daimon Hel,Male,20s,"Midnight Sons, Defenders, Secret Defenders, Thunderbolts, Avengers Academy",Hero,White,1973,1973,Bronze Age,0.08588957055214724,3.4416541100483014e-05,0.5174603174603175,0.025658367183857774,0.9021164021164021
Aurora / Jeanne-marie,Aurora / Jeanne-marie,Female,20s,"Alpha Flight, Beta Flight, Weapon X",Hero,White,1979,1979,Bronze Age,0.18404907975460122,0.0003584831024877532,0.5497470489038786,0.05871779541277668,0.8282485875706215
"O'brien, Michael","O'brien, Michael",Male,30s,"S.H.I.E.L.D., Stark Industries security",Hero,White,1978,1978,Bronze Age,0.10429447852760737,0.00018399910804054711,0.5232744783306581,0.029959239858907753,0.7789661319073083
"Stankowicz, Fabian","Stankowicz, Fabian",Male,20s,S.H.I.E.L.D.,Neutral,White,1982,1982,Bronze Age,0.07668711656441718,5.833665908017918e-05,0.50231124807396,0.0227335502644748,0.8633333333333333
Screaming Mimi / Melis,Screaming Mimi / Melis,Female,20s,"Thunderbolts, Masters of Evil, Grapplers, Femizons",Villain,White,1979,1979,Bronze Age,0.09202453987730061,0.00020012986650570644,0.5133858267716536,0.025515995877914317,0.7632183908045977
Moonstone Ii / Karla S,Moonstone Ii / Karla S,Female,20s,"Thunderbolts, Dark Avengers, Masters of Evil, Hood's Gang, Illuminati",Villain,White,1978,1978,Bronze Age,0.12269938650306748,0.0003669080039187413,0.5207667731629393,0.032343737332857954,0.7128205128205128
Fixer Ii / Paul Norber,Fixer Ii / Paul Norber,Male,30s,"Masters of Evil, Thunderbolts, Crimson Cowl's Masters of Evil, A.I.M.",Villain,White,1966,1966,Silver Age,0.10429447852760737,0.0002683068695699071,0.5158227848101266,0.02598966504002246,0.7112299465240641
Darkstar / Laynia Serg,Darkstar / Laynia Serg,Female,20s,"Soviet Super-Soldiers, Winter Guard, Champions, X-Corporation",Hero,White,1975,1975,Bronze Age,0.09815950920245399,4.172362595545635e-05,0.5249597423510467,0.03441681108483277,0.8891129032258065
Vanguard / Nicolai Kry,Vanguard / Nicolai Kry,Male,20s,"Soviet Super-Soldiers, Winter Guard, Protectorate, Siberforce, Neo-Soviets",Hero,White,1978,1978,Bronze Age,0.07668711656441718,1.721827781175273e-05,0.5182829888712241,0.027215809580667563,0.9166666666666666
Gamora,Gamora,Female,Unknown (alien),"Guardians of the Galaxy, Infinity Watch, Phalanx, Graces",Hero,Other,1975,1975,Bronze Age,0.18098159509202455,7.57846993273689e-05,0.5488215488215489,0.057883315727948685,0.9216832261835184
Psylocke / Elisabeth B,Psylocke / Elisabeth B,Female,20s,"X-Men, Excalibur, X-Force, S.T.R.I.K.E., Hand, Exiles, Fallen Angels",Hero,White,1976,1976,Bronze Age,0.4049079754601227,0.005277256723286529,0.6269230769230769,0.09618367720829665,0.4909784871616933
Rogue  / ,Rogue  / ,Female,teens,"Brotherhood of Mutants, X-Men, Avengers, X-Treme X-Men",Villain,White,1981,1981,Bronze Age,0.5184049079754601,0.01153733147618902,0.6749482401656315,0.11148308358820552,0.3906029867568329
Sasquatch / Walter Lan,Sasquatch / Walter Lan,Male,30s,"Alpha Flight, Beta Flight, Gamma Flight, Weapon X, Avengers",Hero,White,1979,1979,Bronze Age,0.2883435582822086,0.0010562337593272332,0.5831842576028623,0.08351053878592,0.7179135209334249
Luna / Luna Maximoff [,Luna / Luna Maximoff [,Female,infant,Inhuman Royal Family,Neutral,White,1988,1988,Modern Age,0.08895705521472393,4.2791813180574944e-05,0.4946889226100152,0.027715773752671438,0.8793103448275862
Whizzer Ii / Stanley S,Whizzer Ii / Stanley S,Male,30s,Squadron Supreme,Hero,White,1971,1971,Bronze Age,0.046012269938650305,1.3116325429582038e-05,0.49544072948328266,0.013353434806550598,0.9142857142857143
Dr. Spectrum / Joseph,Dr. Spectrum / Joseph,Male,30s,Squadron Supreme,Hero,White,1971,1971,Bronze Age,0.046012269938650305,1.3116325429582038e-05,0.49544072948328266,0.01335343480655059,0.9142857142857143
Kingpin / Wilson Fisk,Kingpin / Wilson Fisk,Male,30s,"Kingpin's crime organization, HYDRA",Villain,White,1967,1967,Silver Age,0.147239263803681,0.0030541558023244263,0.5388429752066116,0.021305564686271566,0.4592198581560284
Clea,Clea,Female,Unknown (Mystic),"Defenders, Illuminati, Midnight Sons",Hero,Other,1964,1964,Silver Age,0.06134969325153374,1.4166104024063292e-05,0.5046439628482973,0.017051175222471696,0.9
Polaris / Lorna Dane,Polaris / Lorna Dane,Female,teens,"X-Men, X-Factor, Horsemen of Apocalypse, Starjammers, Acolytes, Marauders",Hero,White,1968,1968,Silver Age,0.3404907975460123,0.003190827657441478,0.6025878003696857,0.08400156065353434,0.5446355446355446
"De La Fontaine, Cont","De La Fontaine, Cont",Female,30s,"S.H.I.E.L.D., HYDRA, Leviathan, Femme Force, CIA, Thunderbolts",Hero,White,1967,1967,Silver Age,0.06748466257668712,8.607370207286511e-05,0.5150078988941548,0.01951634298991347,0.7532467532467533
Heimdall [asgardian],Heimdall [asgardian],Male,Unknown (Asgardian),Asgardians,Hero,Other,1962,1962,Silver Age,0.06748466257668712,4.9829991003575764e-05,0.4773060029282577,0.010992232576608633,0.8354978354978355
Red Skull / Johann Sch,Red Skull / Johann Sch,Male,20s,"HYDRA, Schutzstaffel, Axis, Skeleton Crew, Cabal",Villain,White,1941,1941,before 1961,0.11656441717791412,0.00045505485782998476,0.5224358974358975,0.026759354797345557,0.6102418207681366
"Thompson, Eugene Fla","Thompson, Eugene Fla",Male,teens,"Spider-Man supporting cast, Venom Symbiote, Secret Avengers, Thunderbolts, Guardians of the Galaxy",Neutral,White,1962,1962,Silver Age,0.12883435582822086,0.0012726978726002513,0.5241157556270096,0.019849396550979333,0.5888501742160279
Wong,Wong,Male,20s,"Masters of the Mystic Arts, Avengers",Hero,Asian,1963,1963,Silver Age,0.0950920245398773,4.45746072449006e-05,0.5207667731629393,0.02902663685446982,0.886021505376344
"Parker, May","Parker, May",Female,50s,Spider-Man supporting cast,Neutral,White,1962,1962,Silver Age,0.13190184049079756,0.001273380958874687,0.5085803432137286,0.02174828591965552,0.5991140642303433
Green Goblin / Norman,Green Goblin / Norman,Male,40s,"Sinister Six, Dark Avengers, Oscorp, Cabal, Thunderbolts, HYDRA",Villain,White,1964,1964,Silver Age,0.0705521472392638,0.0001870115863010335,0.4917043740573152,0.013671766229509422,0.8181818181818182
Night Thrasher / Duane,Night Thrasher / Duane,Male,teens,"New Warriors, Night Thrasher's New Warriors",Hero,Black,1989,1989,Modern Age,0.07975460122699386,7.687343341969882e-05,0.5207667731629393,0.02250545545937458,0.7753846153846153
Eternity / Adam Qadmon,Eternity / Adam Qadmon,Male,Unknown (Cosmic),Cosmic entities,Neutral,Other,1965,1965,Silver Age,0.18711656441717792,0.00017282232111489611,0.5506756756756757,0.06037833651109806,0.8868852459016393
Galactus / Galan,Galactus / Galan,Male,Unknown (Cosmic),"Heralds of Galactus, God Squad, Ultimates",Neutral,Other,1966,1966,Silver Age,0.3006134969325153,0.0013055277081587624,0.5884476534296029,0.08363865806466735,0.6574794866400169
Triathlon / Delroy Gar,Triathlon / Delroy Gar,Male,20s,"Avengers, Initiative, Secret Defenders, 3-D Man",Hero,Black,1998,1998,Modern Age,0.08588957055214724,4.741207512312442e-05,0.49770992366412214,0.027221556552487244,0.8835978835978836
Beetle / Abner Ronald,Beetle / Abner Ronald,Male,20s,"Sinister Syndicate, Thunderbolts, Mach-1",Villain,White,1964,1964,Silver Age,0.13803680981595093,0.0006080061966548399,0.5292207792207793,0.036236320690250144,0.6656565656565656
Lilandra Neramani [s,Lilandra Neramani [s,Female,Unknown (Alien),"Shi'ar Empire, X-Men allies",Hero,Other,1976,1976,Bronze Age,0.19631901840490798,0.0009876912648734896,0.5433333333333333,0.05196518750245411,0.6398809523809523
Odin [asgardian],Odin [asgardian],Male,Unknown (Asgardian),Asgardians,Hero,Other,1962,1962,Silver Age,0.17177914110429449,0.001049188453293345,0.5424292845257903,0.04005069558558948,0.5863636363636363
"Hogan, Virginia Pepp","Hogan, Virginia Pepp",Female,40s,Avengers; Stark Industries,Hero,White,Unknown,unknown,Unknown Age,0.049079754601226995,7.821043037316634e-06,0.4759124087591241,0.015458758968858243,0.9416666666666667
Mad Dog / Colonel Buzz,Mad Dog / Colonel Buzz,Male,Not in MCU,Unknown,Neutral,Unknown,Unknown,unknown,Unknown Age,0.06441717791411043,6.499952350227577e-05,0.500768049155146,0.017344222800106796,0.7904761904761904
"Kincaid, Dr. Jane Fo","Kincaid, Dr. Jane Fo",Female,30s,Avengers; Thor supporting cast,Hero,White,Unknown,unknown,Unknown Age,0.08588957055214724,0.00027548020047771563,0.49022556390977445,0.01719110854004528,0.6587301587301587
Wizard / Bentley Wittm,Wizard / Bentley Wittm,Male,45s,Frightful Four; Masters of Evil,Villain,White,1960s,1965,Silver Age,0.08895705521472393,0.00010449933187429307,0.5085803432137286,0.02541693619908472,0.7610837438423645
Charcoal / Charlie Bur,Charcoal / Charlie Bur,Male,16s,Thunderbolts,Hero,Unknown,1990s,1995,Modern Age,0.06441717791411043,8.442806405923516e-05,0.49244712990936557,0.014682034890435054,0.7857142857142857
Blob / Fred J. Dukes,Blob / Fred J. Dukes,Male,35s,Brotherhood of Evil Mutants,Villain,White,1960s,1965,Silver Age,0.1901840490797546,0.0012099472781385411,0.5525423728813559,0.04614996965048319,0.6287678476996298
Cloak / Tyrone Johnson,Cloak / Tyrone Johnson,Male,18s,,Hero,Black,1980s,1985,Bronze Age,0.0736196319018405,0.00018919532396355015,0.5182829888712241,0.018443267991148135,0.5942028985507246
Thunderstrike / Eric K,Thunderstrike / Eric K,Male,35s,Avengers,Hero,White,1990s,1995,Modern Age,0.31901840490797545,0.003131374667411047,0.5948905109489051,0.08581255533714087,0.6219193427931292
Power Man / Erik Joste,Power Man / Erik Joste,Male,40s,Masters of Evil,Villain,White,1970s,1975,Bronze Age,0.12883435582822086,0.00044241909389245495,0.5232744783306581,0.03180110071087271,0.6736353077816493
Human Torch Android / ,Human Torch Android / ,Male,80+,Invaders; All-Winners Squad,Hero,White,1930s,1935,before 1961,0.11042944785276074,0.00031782915758952763,0.50231124807396,0.03251410297716138,0.7428571428571429
Juggernaut / Cain Mark,Juggernaut / Cain Mark,Male,45s,,Villain,White,1960s,1965,Silver Age,0.09202453987730061,0.00038641508276766586,0.5199362041467305,0.02518017253060982,0.8022988505747126
Absorbing Man / Carl C,Absorbing Man / Carl C,Male,45s,Masters of Evil,Villain,White,1960s,1965,Silver Age,0.15950920245398773,0.0006065326076177697,0.5424292845257903,0.04219961142979999,0.7398190045248869
Volstagg,Volstagg,Male,Unknown,Asgardian Royal Family; Warriors Three,Hero,White,Ancient times,unknown,Unknown Age,0.12576687116564417,0.000779615444211561,0.531810766721044,0.024383159929371918,0.5682926829268292
Shaman / Michael Twoyo,Shaman / Michael Twoyo,Male,40s,Alpha Flight,Hero,Unknown,1970s,1975,Bronze Age,0.23006134969325154,0.0005668186733164082,0.5640138408304498,0.07002014067761067,0.7881081081081082
Snowbird / Narya / Anne,Snowbird / Narya / Anne,Female,Unknown,Alpha Flight,Hero,Unknown,1970s,1975,Bronze Age,0.09202453987730061,5.9988353612612454e-05,0.5224358974358975,0.030507536071209377,0.8758620689655172
Dagger / Tandy Bowen,Dagger / Tandy Bowen,Female,18s,,Hero,White,1980s,1985,Bronze Age,0.08895705521472393,0.00020405967579069725,0.5224358974358975,0.02553302359046537,0.6724137931034483
Phoenix Iii / Rachel S,Phoenix Iii / Rachel S,Female,25s,X-Men,Hero,White,1980s,1985,Bronze Age,0.16564417177914112,0.0009030639544675909,0.5451505016722408,0.0397066958015999,0.623340321453529
Mandarin,Mandarin,Male,50s,Ten Rings,Villain,Asian,1960s,1965,Silver Age,0.06748466257668712,6.31495641098554e-05,0.5,0.018132061494598235,0.7662337662337663
Fandral [asgardian],Fandral [asgardian],Male,Unknown,Asgardian Royal Family; Warriors Three,Hero,White,Ancient times,unknown,Unknown Age,0.13803680981595093,0.0010939362808513038,0.5361842105263158,0.027884313269539957,0.5515151515151515
Ms. Marvel Ii / Sharon,Ms. Marvel Ii / Sharon,Female,30s,Avengers,Hero,White,1970s,1975,Bronze Age,0.07975460122699386,6.608726259782706e-05,0.5191082802547771,0.025667947508294296,0.8153846153846154
Pip / Prince Gofern,Pip / Prince Gofern,Male,Unknown,Guardians of the Galaxy,Neutral,Unknown,1970s,1975,Bronze Age,0.18404907975460122,0.0001617069644108228,0.5497470489038786,0.05840503375340347,0.8864406779661017
Enchantress / Amora / He,Enchantress / Amora / He,Female,Unknown,Masters of Evil,Villain,White,Ancient times,unknown,Unknown Age,0.2116564417177914,0.0015988730652813676,0.5582191780821918,0.05318203086924584,0.624467178175618
"Jameson, Col. John","Jameson, Col. John",Male,35s,,Neutral,White,1960s,1965,Silver Age,0.11042944785276074,0.0014719964555517102,0.50231124807396,0.020616234155395208,0.5206349206349207
"Cooper, Dr. Valerie","Cooper, Dr. Valerie",Female,40s,SHIELD,Neutral,White,1970s,1975,Bronze Age,0.2147239263803681,0.00288267120495647,0.5591766723842195,0.04980492108619046,0.5842650103519669
Nova Ii / Frankie Raye,Nova Ii / Frankie Raye,Female,Unknown,Heralds of Galactus,Hero,White,1970s,1975,Bronze Age,0.20858895705521474,0.00015433777846650924,0.5572649572649573,0.0664608231853513,0.874451273046532
Darkhawk / Chris Powel,Darkhawk / Chris Powel,Male,25s,,Hero,White,1990s,1995,Modern Age,0.2147239263803681,0.001001501706186472,0.5591766723842195,0.06482749450524529,0.7788819875776397
Nomad Iii / Jack Monro,Nomad Iii / Jack Monro,Male,60+,,Hero,White,1970s,1975,Bronze Age,0.07975460122699386,0.0004141970692706629,0.4984709480122324,0.01594612629837322,0.6061538461538462
"Robertson, Joe","Robertson, Joe",Male,50s,Spider-Man supporting cast,Neutral,Black,1960s,1965,Silver Age,0.15030674846625766,0.00227180378894872,0.5370675453047776,0.027866655829218077,0.5561224489795918
Gargoyle Ii / Isaac Ch,Gargoyle Ii / Isaac Ch,Male,60+,Defenders,Hero,White,1980s,1985,Bronze Age,0.11349693251533742,0.00014165262513933773,0.5292207792207793,0.03480970265234633,0.8243243243243243
Namorita / Nita Prenti,Namorita / Nita Prenti,Female,25s,New Warriors,Hero,White,1970s,1975,Bronze Age,0.2852760736196319,0.0017592694856351373,0.5831842576028623,0.08020831601265938,0.6638616175783076
Iron Man Iv / James R.,Iron Man Iv / James R.,Male,40s,Avengers,Hero,Black,1970s,1975,Bronze Age,0.19938650306748468,0.0005449022298790366,0.5544217687074829,0.057167184528679006,0.7307692307692307
"Ross, Gen. Thaddeus","Ross, Gen. Thaddeus",Male,60s,Hulkbusters,Neutral,White,1940s,1945,before 1961,0.08895705521472393,1.9811500803749552e-05,0.5069984447900466,0.03021241927160385,0.9458128078817734
"Harkness, Agatha","Harkness, Agatha",Female,300+,Darkhold Covenant,Villain,White,Ancient times,unknown,Unknown Age,0.2361963190184049,0.00039433451572835605,0.5659722222222222,0.07347849901311844,0.8171565276828435
"Carter, Peggy","Carter, Peggy",Female,95,SHIELD; SSR,Hero,White,1940s,1945,before 1961,0.10736196319018405,0.0005476321502317435,0.5030864197530864,0.02570705998713164,0.6504201680672269
Hyperion,Hyperion,Male,Unknown,Squadron Supreme,Neutral,White,1970s,1975,Bronze Age,0.06134969325153374,4.112743190722849e-05,0.500768049155146,0.01752793194398742,0.8421052631578947
Living Lightning / Mig,Living Lightning / Mig,Male,30s,Avengers,Hero,Latina,1990s,1995,Modern Age,0.2638036809815951,0.00040578805847382975,0.5749559082892416,0.08009170672356704,0.7901504787961696
"Jones, Gabe","Jones, Gabe",Male,95,SHIELD; Howling Commandos; SSR,Hero,Black,1940s,1945,before 1961,0.08588957055214724,0.00011220630554491942,0.5158227848101266,0.02686533602910494,0.8042328042328042
"Osborn, Liz Allan","Osborn, Liz Allan",Female,30s,Spider-Man supporting cast,Neutral,White,1960s,1965,Silver Age,0.11656441717791412,0.0009887773768071178,0.5241157556270096,0.019037957199880193,0.6415362731152204
"Leeds, Betty Brant","Leeds, Betty Brant",Female,30s,Spider-Man supporting cast,Neutral,White,1960s,1965,Silver Age,0.12576687116564417,0.001289931282280699,0.5241157556270096,0.02040252521008605,0.6195121951219512
Sif,Sif,Female,Unknown,Asgardian Royal Family; Warriors Three,Hero,White,Ancient times,unknown,Unknown Age,0.11656441717791412,0.000364064364672674,0.49319213313161875,0.021901540632884638,0.631578947368421
Dazzler Ii / Allison B,Dazzler Ii / Allison B,Female,30s,,Hero,White,1980s,1985,Bronze Age,0.15950920245398773,0.00043759255141221303,0.5433333333333333,0.04484068027315876,0.7315233785822021
Molecule Man / Owen Re,Molecule Man / Owen Re,Male,40s,,Villain,White,1960s,1965,Silver Age,0.12269938650306748,3.094792153599217e-05,0.531810766721044,0.03638492611176439,0.9371794871794872
Speedball / Robbie Bal,Speedball / Robbie Bal,Male,25s,New Warriors,Hero,White,1980s,1985,Bronze Age,0.2361963190184049,0.0006503510870972533,0.5659722222222222,0.07164911003187754,0.7734107997265892
Lizard / Dr. Curtis Co,Lizard / Dr. Curtis Co,Male,45s,Sinister Six,Villain,White,1960s,1965,Silver Age,0.147239263803681,0.001591966951569747,0.5388429752066116,0.034997066901711546,0.6897163120567376
Volcana / Marsha Rosen,Volcana / Marsha Rosen,Female,30s,,Neutral,White,1980s,1985,Bronze Age,0.11042944785276074,1.1695518351048815e-05,0.5283630470016207,0.03210838362404628,0.9761904761904762
Lockheed,Lockheed,Male,Unknown,X-Men,Hero,Unknown,1980s,1985,Bronze Age,0.15337423312883436,0.0006138258037569153,0.5415282392026578,0.03699569150062023,0.649795918367347
Titania Ii / Mary Skee,Titania Ii / Mary Skee,Female,30s,Masters of Evil,Villain,White,1980s,1985,Bronze Age,0.13190184049079756,0.00018908030924349583,0.5344262295081967,0.03664189301100957,0.8283499446290143
Boomer / Tabitha Smith,Boomer / Tabitha Smith,Female,25s,New Mutants; X-Force,Hero,White,1980s,1985,Bronze Age,0.20245398773006135,0.001428883085073367,0.5300813008130081,0.03842083688908457,0.6088578088578088
"Summers, Nathan Chri","Summers, Nathan Chri",Male,35s,X-Men,Hero,White,1980s,1985,Bronze Age,0.25460122699386506,0.003241630323976599,0.5729349736379613,0.05419675213413752,0.5468704084631207
"Summers, Madelyne Ma","Summers, Madelyne Ma",Female,30s,X-Men,Villain,White,1980s,1985,Bronze Age,0.11349693251533742,0.00011786350896176333,0.4836795252225519,0.026539261702646803,0.7867867867867868
"Mactaggert, Moira Ki","Mactaggert, Moira Ki",Female,40s,X-Men,Hero,White,1970s,1975,Bronze Age,0.2392638036809816,0.0017336949702523848,0.555366269165247,0.045702948244830004,0.5534465534465535
Cannonball Ii / Sam Gu,Cannonball Ii / Sam Gu,Male,25s,New Mutants; X-Force,Hero,White,1980s,1985,Bronze Age,0.3374233128834356,0.008892800650981273,0.6014760147601476,0.06380482520785401,0.4190158465387823
"Tilby, Trish / Patrici","Tilby, Trish / Patrici",Female,30s,X-Men supporting cast,Neutral,White,1980s,1985,Bronze Age,0.10122699386503067,0.00019063881041853523,0.5109717868338558,0.02445641775830848,0.8011363636363636
Skids / Sally Blevins,Skids / Sally Blevins,Female,25s,X-Men,Hero,White,1980s,1985,Bronze Age,0.09815950920245399,0.00013928852349639055,0.4787077826725404,0.018131054012033774,0.7479838709677419
Wolfsbane / Rahne Sinc,Wolfsbane / Rahne Sinc,Female,25s,New Mutants; X-Force,Hero,White,1980s,1985,Bronze Age,0.3558282208588957,0.005455844274516028,0.6082089552238806,0.07886691240878656,0.4700149925037481
Leech,Leech,Male,18s,Morlocks,Hero,Unknown,1980s,1985,Bronze Age,0.08588957055214724,0.00036392045455498957,0.4773060029282577,0.014702830074694891,0.6587301587301587
Mirage Ii / Danielle M,Mirage Ii / Danielle M,Female,25s,New Mutants,Hero,Native America,1980s,1985,Bronze Age,0.17791411042944785,0.0015166876772218813,0.5478991596638656,0.0315053232060778,0.5486993345432547
Gambit / Remy Lebeau,Gambit / Remy Lebeau,Male,30s,X-Men,Hero,White,1990s,1995,Modern Age,0.37116564417177916,0.004682915187505294,0.6139359698681732,0.09031923013938284,0.518732782369146
Jubilee / Jubilation L,Jubilee / Jubilation L,Female,25s,X-Men,Hero,Asian,1990s,1995,Modern Age,0.18098159509202455,0.0008666018971438945,0.5258064516129032,0.039019529798949376,0.6528345996493279
Strong Guy / Guido Car,Strong Guy / Guido Car,Male,30s,X-Factor,Hero,White,1990s,1995,Modern Age,0.2852760736196319,0.001461909831381874,0.5769911504424778,0.07606797560695336,0.652875175315568
Spiral,Spiral,Female,Unknown,,Villain,Unknown,1980s,1985,Bronze Age,0.08895705521472393,8.262289500479476e-05,0.4808259587020649,0.022178763672459197,0.8078817733990148
Banshee / Sean Cassidy,Banshee / Sean Cassidy,Male,40s,X-Men,Hero,White,1960s,1965,Silver Age,0.2116564417177914,0.0017923499757507583,0.5478991596638656,0.043932640892832636,0.5630861040068201
Legion Ii / David Hall,Legion Ii / David Hall,Male,30s,X-Men,Neutral,White,1980s,1985,Bronze Age,0.08895705521472393,1.9397290343316647e-05,0.4808259587020649,0.023960647907323707,0.9285714285714286
Havok / Alex Summers,Havok / Alex Summers,Male,30s,X-Men,Hero,White,1960s,1965,Silver Age,0.3803680981595092,0.0042312734987053355,0.6174242424242424,0.09148011424886421,0.5106215578284815
Longshot,Longshot,Male,Unknown,X-Men,Hero,Unknown,1980s,1985,Bronze Age,0.10122699386503067,7.847096291817238e-05,0.49544072948328266,0.027774464540565286,0.8522727272727273
Forge,Forge,Male,35s,X-Men,Hero,Native America,1980s,1985,Bronze Age,0.22392638036809817,0.0011446064800501538,0.5630397236614854,0.056599417611650084,0.6339421613394216
Sabretooth / Victor Cr,Sabretooth / Victor Cr,Male,100+,Brotherhood of Evil Mutants,Villain,White,1970s,1975,Bronze Age,0.12269938650306748,9.497436828891941e-05,0.4917043740573152,0.029680112938338034,0.8448717948717949
"Maddicks, Arthur Art","Maddicks, Arthur Art",Male,18s,X-Men,Hero,White,1980s,1985,Bronze Age,0.07975460122699386,0.00014240382780626333,0.4704184704184704,0.013176703710342684,0.6923076923076923
Warlock Iii,Warlock Iii,Male,Unknown,New Mutants ,Hero,Unknown,1980s,1985,Bronze Age,0.18098159509202455,0.0013874663005833492,0.5497470489038786,0.04037502246801838,0.6019871420222093
Rictor / Julio Esteban,Rictor / Julio Esteban,Male,25s,X-Men,Hero,Latina,1990s,1995,Modern Age,0.16257668711656442,0.0007355261457354062,0.5109717868338558,0.031699507739032795,0.6915820029027576
Sunspot / Roberto Daco,Sunspot / Roberto Daco,Male,25s,New Mutants; X-Force,Hero,Latina,1980s,1985,Bronze Age,0.25153374233128833,0.0034703584442340755,0.5719298245614035,0.04820008140331263,0.5079795242396868
Firefist / Rusty Colli,Firefist / Rusty Colli,Male,25s,New Mutants,Hero,White,1990s,1995,Modern Age,0.09815950920245399,0.00046474924681174284,0.482962962962963,0.01701097169691015,0.6733870967741935
Bishop  / ,Bishop  / ,Male,30s,X-Men,Hero,Black,1990s,1995,Modern Age,0.20858895705521474,0.001416311550819749,0.5582191780821918,0.05128814906454402,0.6435469710272168
Daytripper / Amanda Se,Daytripper / Amanda Se,Female,30s,X-Men,Hero,White,1980s,1985,Bronze Age,0.07668711656441718,3.564423439653006e-05,0.4565826330532213,0.018360393956015422,0.86
Wild Child / Kyle Gibn,Wild Child / Kyle Gibn,Male,30s,X-Men,Villain,White,1980s,1985,Bronze Age,0.17177914110429449,0.00039721238662459847,0.5370675453047776,0.0516862076524018,0.8272727272727273
Thunderbird Ii / James,Thunderbird Ii / James,Male,25s,X-Men,Hero,Native America,1970s,1975,Bronze Age,0.18098159509202455,0.0009814691670652165,0.5150078988941548,0.03605891800131023,0.6458211572180012
Sauron / Dr. Karl Lyko,Sauron / Dr. Karl Lyko,Male,40s,X-Men villains,Villain,White,1970s,1975,Bronze Age,0.07668711656441718,3.721561690413887e-05,0.4704184704184704,0.020000839381782196,0.89
Siryn / Theresa Rourke,Siryn / Theresa Rourke,Female,25s,X-Force,Hero,White,1990s,1995,Modern Age,0.16257668711656442,0.0006797774430052895,0.5069984447900466,0.03300135129705498,0.7002902757619739
Shatterstar Ii / Gavee,Shatterstar Ii / Gavee,Male,Unknown,X-Force,Hero,Unknown,1990s,1995,Modern Age,0.12883435582822086,0.0003528702006328226,0.49770992366412214,0.028549401298857927,0.7921022067363531
Marrow / Sarah,Marrow / Sarah,Female,25s,X-Men,Villain,White,1990s,1995,Modern Age,0.10122699386503067,0.00017571403351827078,0.5030864197530864,0.025426636129353048,0.803030303030303
Feral / Maria Callasan,Feral / Maria Callasan,Female,25s,X-Force,Villain,White,1990s,1995,Modern Age,0.11042944785276074,0.00027539622228379257,0.49319213313161875,0.02455337496579133,0.8174603174603174
Callisto,Callisto,Female,35s,Morlocks,Neutral,Unknown,1980s,1985,Bronze Age,0.08282208588957056,4.092152605864032e-05,0.4773060029282577,0.02085145591870311,0.8603988603988604
Mr. Sinister / Nathan,Mr. Sinister / Nathan,Male,180s,"Marauders, Hellfire Club",villain,White,1987,1987,Modern Age,0.09202453987730061,3.0514458464377203e-05,0.48875562218890556,0.0255143690235596,0.9080459770114943
Raza Longknife,Raza Longknife,Male,45s,Starjammers,Anti-Hero,Unknown,1977,1977,Bronze Age,0.08588957055214724,5.669593956357054e-05,0.5030864197530864,0.020676627534657314,0.8783068783068783
Spider-woman / Jessica,Spider-woman / Jessica,Female,35s,"Avengers, S.W.O.R.D.",hero,White,1977,1977,Bronze Age,0.09202453987730061,0.00017344550180910218,0.5232744783306581,0.031093939029903893,0.8528735632183908
Cypher / Doug Ramsey,Cypher / Doug Ramsey,male,25s,"X-Men, New Mutants",hero,White,1984,1984,Bronze Age,0.12576687116564417,0.00030000476252638246,0.5077881619937694,0.0244329451906575,0.7182926829268292
Deathbird [shi'ar],Deathbird [shi'ar],Female,1000,Shi'ar Imperial Family,villain,Unknown,1976,1976,Bronze Age,0.08588957055214724,9.429168015576805e-05,0.5069984447900466,0.02303561242068203,0.7857142857142857
"Hudson, Heather","Hudson, Heather",Female,35s,Alpha Flight,hero,White,1983,1983,Bronze Age,0.25153374233128833,0.000714561883421948,0.5640138408304498,0.07337326201405384,0.7603131586871424
Stryfe,Stryfe,Male,30s,Mutant Liberation Front,villain,White,1990,1990,Modern Age,0.10429447852760737,3.996743711675182e-05,0.49244712990936557,0.026139316011497302,0.9233511586452763
Iron Man Doppelgange,Iron Man Doppelgange,Male,Not in MCU,Doppelganger Army (Infinity War),villain,Unknown,1992,1992,Modern Age,0.1411042944785276,1.4307437620321056e-06,0.5309446254071661,0.04812170882470203,0.996135265700483
Puck / Eugene Milton J,Puck / Eugene Milton J,Male,150s,Alpha Flight,hero,White,1983,1983,Bronze Age,0.2423312883435583,0.0006864445823372194,0.5669565217391305,0.07104228751302426,0.7617656604998377
Silhouette,Silhouette,Female,25s,New Warriors,hero,Black,1993,1993,Modern Age,0.10736196319018405,6.271983731994807e-05,0.5266558966074314,0.035280717316601214,0.8722689075630252
"Cortez, Fabian","Cortez, Fabian",Male,35s,Acolytes,villain,White,1991,1991,Modern Age,0.06441717791411043,2.10968125280642e-05,0.4917043740573152,0.021318181257725395,0.9
Black King / Sebastian,Black King / Sebastian,Male,50s,Hellfire Club,villain,White,1980,1980,Bronze Age,0.0950920245398773,5.1351924886211614e-05,0.4808259587020649,0.022693443334861858,0.864516129032258
Magik / Illyana Rasput,Magik / Illyana Rasput,Female,25s,"X-Men, New Mutants",hero,White,1975,1975,Bronze Age,0.12576687116564417,0.00033198355886185837,0.5309446254071661,0.025348112853209877,0.7378048780487805
Zabu,Zabu,xiongxing,50s,Ally of Ka-Zar,hero,Unknown,1965,1965,Silver Age,0.07668711656441718,9.766319292461623e-05,0.5174603174603175,0.023727396450045186,0.7633333333333333
Domino Iii / Beatrice / ,Domino Iii / Beatrice / ,Female,30s,X-Force,Anti-Hero,White,1991,1991,Modern Age,0.0736196319018405,0.00014665919545634465,0.4670487106017192,0.01513767869343725,0.8297101449275363
Caliban / ,Caliban / ,Male,40s,"Morlocks, X-Men",neutral,White,1981,1981,Bronze Age,0.12576687116564417,0.00022148166759391292,0.4880239520958084,0.026573875088435287,0.7402439024390244
Apocalypse / En Sabah,Apocalypse / En Sabah,Male,5000s,Apocalypse's Horsemen,villain,Egyptian,1986,1986,Modern Age,0.17177914110429449,0.0007768360087294036,0.5370675453047776,0.04253158342271572,0.6772727272727272
"Hunter, Stevie","Hunter, Stevie",Female,45s,Xavier Institute,hero,White,1980,1980,Bronze Age,0.11656441717791412,0.00010111572402608405,0.4822485207100592,0.027377793957301007,0.8364153627311522
Corsair,Corsair,Male,60s,Starjammers,hero,White,1969,1969,Silver Age,0.10736196319018405,0.00012133454025781376,0.509375,0.025252179607101705,0.8168067226890756
Ch'od,Ch'od,Male,1000,Starjammers,hero,Unknown,1977,1977,Bronze Age,0.09202453987730061,6.597576459356052e-05,0.5046439628482973,0.02210926173278052,0.8666666666666667
Mam'selle Hepzibah,Mam'selle Hepzibah,Female,1000,Starjammers,hero,Unknown,1977,1977,Bronze Age,0.09202453987730061,6.61471081866571e-05,0.5046439628482973,0.02154026840463024,0.8689655172413793
Zero,Zero,Male,20s,Generation X,neutral,Unknown,1995,1995,Modern Age,0.0950920245398773,3.309222488248352e-05,0.49022556390977445,0.023211828530642596,0.9268817204301075
X-man / Nathan Grey,X-man / Nathan Grey,Male,25s,X-Men,hero,White,1995,1995,Modern Age,0.0950920245398773,0.00011559203091239915,0.5249597423510467,0.030479459455967195,0.8666666666666667
Karma / Xi'an Coy Manh,Karma / Xi'an Coy Manh,Female,35s,New Mutants,hero,Asian,1980,1980,Bronze Age,0.08895705521472393,8.97517248839015e-05,0.46175637393767704,0.016744157791141235,0.8152709359605911
Mr. Fantastic Doppel,Mr. Fantastic Doppel,Male,Not in MCU,Doppelganger Army (Infinity War),villain,Unknown,1989,1989,Modern Age,0.15030674846625766,9.185904295519584e-06,0.5335515548281505,0.05020148972782519,0.9804421768707483
Beyonder,Beyonder,Male,Not in MCU,Cosmic Entity,neutral,Unknown,1984,1984,Bronze Age,0.11042944785276074,0.0002244774878938265,0.5292207792207793,0.03298570539622451,0.765079365079365
Multiple Man / James A,Multiple Man / James A,Male,30s,X-Factor,hero,White,1985,1985,Bronze Age,0.23312883435582823,0.0008285565130112153,0.5601374570446735,0.06451175407927147,0.7045614035087719
Colossus Ii Doppelga,Colossus Ii Doppelga,Male,Not in MCU,Doppelganger Army (Infinity War),villain,Unknown,1989,1989,Modern Age,0.07975460122699386,0.0,0.5101721439749609,0.028178350719422166,1.0
Scanner Ii,Scanner Ii,Female,25s,Acolytes,hero,White,1994,1994,Modern Age,0.05828220858895706,3.5347671292857706e-05,0.4894894894894895,0.017481661570110843,0.8128654970760234
Ka-zar / Kevin Plunder,Ka-zar / Kevin Plunder,Male,35s,"Ally of X-Men, Avengers",hero,White,1965,1965,Silver Age,0.10122699386503067,0.00013604939642412019,0.5249597423510467,0.03253212907550976,0.7916666666666666
White Queen / Emma Fro,White Queen / Emma Fro,Female,40s,"X-Men, Hellfire Club",hero,White,1980,1980,Bronze Age,0.12269938650306748,0.0005155877659157816,0.4880239520958084,0.026620730648136033,0.658974358974359
Magma / Amara Aquilla / ,Magma / Amara Aquilla / ,Female,25s,New Mutants,hero,White,1983,1983,Bronze Age,0.08588957055214724,0.00010177432098392849,0.5199362041467305,0.018968670469699425,0.8809523809523809
Thanos Doppelganger,Thanos Doppelganger,Male,Not in MCU ,Doppelganger Army (Infinity War),villain,Unknown,1989,1989,Modern Age,0.18711656441717792,6.89216455453446e-05,0.5442404006677797,0.0592888157906361,0.9224043715846995
Magus,Magus,Male,1000,Universal Church of Truth,villain,Unknown,1975,1975,Bronze Age,0.22085889570552147,0.00013994478799345835,0.5544217687074829,0.06871928427729025,0.8798904538341158
"Knight, Misty","Knight, Misty",Female,35s,Heroes for Hire,hero,Black,1975,1975,Bronze Age,0.08282208588957056,0.00017767535424155763,0.5191082802547771,0.024703661629174853,0.7378917378917379
"Wing, Colleen","Wing, Colleen",Female,35s,Heroes for Hire,hero,Asian,1976,1976,Bronze Age,0.03680981595092025,1.6283320377951748e-05,0.46504992867332384,0.010190847722853632,0.803030303030303
Puppet Master / Philli,Puppet Master / Philli,Male,60s,Enemy of Fantastic Four,villain,White,1941,1941,before 1961,0.07668711656441718,2.0816137562518883e-05,0.5133858267716536,0.02576447822810502,0.91
Maximus [inhuman],Maximus [inhuman],Male,100+ (Enhanced),Inhuman Royal Family,villain,White,1965,1965,Silver Age,0.06134969325153374,3.6573769081418327e-06,0.482962962962963,0.017487037801184085,0.9736842105263158
Punisher Ii / Frank Ca,Punisher Ii / Frank Ca,Male,40s,Independent Vigilante,Anti-Hero,White,1974,1974,Bronze Age,0.11656441717791412,0.0011749850020530668,0.5266558966074314,0.018833351322766995,0.47368421052631576
Zeus,Zeus,Male,数千岁,Olympian Gods,neutral,Unknown,1949,1949,before 1961,0.0736196319018405,6.465788592582268e-05,0.4880239520958084,0.020281317854030898,0.7862318840579711
Box Iv / Madison Jeffr,Box Iv / Madison Jeffr,Male,35s,Alpha Flight,hero,White,1984,1984,Bronze Age,0.06134969325153374,3.93923320317909e-05,0.5,0.015803099539853486,0.8210526315789474
Thena,Thena,Female,20000+,Eternals,hero,Unknown,1976,1976,Bronze Age,0.06748466257668712,9.866163754408503e-05,0.482962962962963,0.013565406550790695,0.6883116883116883
Black Cat / Felicia Ha,Black Cat / Felicia Ha,Female,28s,Independent Anti-Hero,Anti-Hero,White,1979,1979,Bronze Age,0.08895705521472393,0.0005513457233544519,0.49544072948328266,0.013112813969203553,0.6650246305418719
Gee / Alex Power,Gee / Alex Power,Male,20s,Power Pack,hero,White,1984,1984,Bronze Age,0.06748466257668712,0.00035720296255846245,0.4946889226100152,0.014918225293812587,0.5324675324675324
Spider-man Clone / Ben,Spider-man Clone / Ben,Male,25s,Scarlet Spider,hero,White,1975,1975,Bronze Age,0.05828220858895706,0.00014835875763984668,0.45403899721448465,0.006045255007354204,0.6491228070175439
Ulik,Ulik,Male,1000+,Enemy of Asgard,villain,Unknown,1967,1967,Silver Age,0.05828220858895706,6.412806274517434e-05,0.4508990318118949,0.00838945266157067,0.7485380116959064
Citizen V Ii / Helmut,Citizen V Ii / Helmut,Male,45s,Masters of Evil,villain,White,1973,1973,Bronze Age,0.0950920245398773,0.0004171770683389708,0.5069984447900466,0.020407675036726088,0.6129032258064516
High Evolutionary / He,High Evolutionary / He,Male,200+,Independent Scientist,neutral,White,1966,1966,Silver Age,0.12576687116564417,0.0010261467315035822,0.5232744783306581,0.029176048099492875,0.5353658536585366
Hobgoblin V / Jason Ph,Hobgoblin V / Jason Ph,Male,40s,Enemy of Spider-Man,villain,White,1981,1981,Bronze Age,0.07975460122699386,0.0003237331892979587,0.4630681818181818,0.007764272874511857,0.6553846153846153
Ghost Rider Iii / Dan,Ghost Rider Iii / Dan,Male,30s,Midnight Sons,hero,White,1990,1990,Modern Age,0.05828220858895706,0.00019285997195731265,0.5038639876352395,0.016435982279450704,0.6491228070175439
"Cushing, Kate","Cushing, Kate",Female,35s,Daily Bugle Staff,neutral,White,1990,1990,Modern Age,0.0705521472392638,3.477845324519407e-05,0.44474761255115963,0.004793758669438763,0.8853754940711462
"Katzenberg, Nick","Katzenberg, Nick",Male,35s,Daily Bugle Staff,neutral,White,1990,1990,Modern Age,0.06134969325153374,1.9533899680824365e-05,0.4429347826086957,0.004393773340150694,0.9157894736842105
Vizier,Vizier,Male,1000+,Ally of Loki,villain,Unknown,1967,1967,Silver Age,0.0705521472392638,9.408723888922116e-05,0.4894894894894895,0.012699155307354966,0.8221343873517787
Tombstone / Lonnie Tho,Tombstone / Lonnie Tho,Male,45s,Crime Syndicate,villain,Black,1988,1988,Modern Age,0.06441717791411043,0.0001799056028990237,0.4534075104311544,0.006339602876327834,0.7333333333333333
"Mercado, Joy","Mercado, Joy",Female,25s,Daily Bugle Staff,neutral,hispanic,1994,1994,Modern Age,0.06441717791411043,2.229743461441923e-05,0.4429347826086957,0.004585767861697165,0.9095238095238095
Hammerhead,Hammerhead,Male,40s,Crime Syndicate,villain,White,1972,1972,Bronze Age,0.05828220858895706,0.0001791649309132314,0.4515235457063712,0.005621821827573341,0.8070175438596491
Arranger / ,Arranger / ,Male,40s,Kingpin's Organization,villain,White,1987,1987,Modern Age,0.06134969325153374,3.072160392727466e-05,0.4490358126721763,0.005348222090008541,0.8947368421052632
"Osborn, Harry","Osborn, Harry",Male,28s,Green Goblin,Anti-Hero,White,1965,1965,Silver Age,0.08588957055214724,0.0002689041552300922,0.4894894894894895,0.008673677437846748,0.7698412698412699
Cobra / Klaus Vorhees,Cobra / Klaus Vorhees,Male,50s,Serpent Society,villain,White,1963,1963,Silver Age,0.049079754601226995,0.00022424597012104944,0.4801178203240059,0.008235125914846477,0.5333333333333333
"Leeds, Ned","Leeds, Ned",Male,28s,Daily Bugle Staff,neutral,White,1964,1964,Silver Age,0.0736196319018405,7.86010937370236e-05,0.4534075104311544,0.0063547579277660644,0.8260869565217391
"Watson, Anna","Watson, Anna",Female,60s,Civilian,neutral,White,1965,1965,Silver Age,0.07975460122699386,0.0002121518458782447,0.4773060029282577,0.010893600716937553,0.7661538461538462
"Urich, Ben","Urich, Ben",Male,50s,Daily Bugle Staff,neutral,White,1976,1976,Bronze Age,0.11349693251533742,0.0008607063600129122,0.5015384615384615,0.015927825074614745,0.6471471471471472
"Robertson, Randy","Robertson, Randy",Male,30s,Daily Bugle Staff,neutral,Black,1987,1987,Modern Age,0.06748466257668712,4.225166849265195e-05,0.4435374149659864,0.005029062860473097,0.8614718614718615
"Page, Karen","Page, Karen",Female,30s,Civilian,neutral,White,1964,1964,Silver Age,0.049079754601226995,3.4236405464746084e-05,0.4851190476190476,0.012318843431879906,0.8083333333333333
"Grant, Gloria Glory","Grant, Gloria Glory",Female,30s,Daily Bugle Staff,neutral,Black,1974,1974,Bronze Age,0.08588957055214724,0.00011274884472969776,0.4478021978021978,0.005893687185525985,0.7804232804232805
"Lubenski, Nate","Lubenski, Nate",Male,50s,NYPD,neutral,White,1976,1976,Bronze Age,0.05828220858895706,1.0038444063781678e-05,0.44173441734417346,0.004811242046207569,0.9473684210526315
Ikaris / Ike Harris [e,Ikaris / Ike Harris [e,Male,20000+,Eternals,hero,Unknown,1976,1976,Bronze Age,0.052147239263803685,2.5858073262667843e-05,0.4738372093023256,0.012021865778019355,0.8382352941176471
"Rosenthal, Bernie","Rosenthal, Bernie",Male,35s,Civilian,neutral,White,1981,1981,Bronze Age,0.06441717791411043,0.00021749641202709633,0.4787077826725404,0.012226952458402596,0.6333333333333333
Gladiator Ii,Gladiator Ii,Male,30s,Shi'ar Imperial Guard,hero,Unknown,1992,1992,Modern Age,0.0705521472392638,3.9477849304881504e-05,0.5,0.02178529649156962,0.8458498023715415
Beta Ray Bill,Beta Ray Bill,Male,1000+ ,Ally of Thor,hero,Unknown,1983,1983,Bronze Age,0.0736196319018405,0.00017891393436107915,0.482962962962963,0.015557051210555914,0.6811594202898551
"Bridge, George Washi","Bridge, George Washi",Male,40s,S.H.I.E.L.D.,hero,Black,1988,1988,Modern Age,0.06748466257668712,0.0008817346574431192,0.46438746438746437,0.008840316445542664,0.39826839826839827
Diamond Lil / Lillian,Diamond Lil / Lillian,Female,35s,Alpha Flight,hero,White,1983,1983,Bronze Age,0.04294478527607362,7.420902154822149e-06,0.46906474820143884,0.010427840059082939,0.8901098901098901
Asp Ii / Cleo,Asp Ii / Cleo,Female,30s,Serpent Society,villain,Egyptian,1985,1985,Bronze Age,0.024539877300613498,1.8876828692779614e-06,0.4604519774011299,0.0032362766043270456,0.9642857142857143
Black Mamba / Tanya Se,Black Mamba / Tanya Se,Female,30s,Serpent Society,villain,Black,1985,1985,Bronze Age,0.024539877300613498,1.8876828692779614e-06,0.4604519774011299,0.0032362766043270517,0.9642857142857143
Meggan,Meggan,Female,25s,Excalibur,hero,Unknown,1983,1983,Bronze Age,0.06441717791411043,3.883694154723457e-05,0.5030864197530864,0.01820145388646608,0.8904761904761904
"Austin, Susan","Austin, Susan",Female,30s,Daily Bugle Staff,neutral,White,1990,1990,Modern Age,0.052147239263803685,2.0072052877834256e-05,0.4697406340057637,0.009609016031435122,0.8970588235294118
Diamondback Ii / Rache,Diamondback Ii / Rache,Female,30s,Serpent Society,villain,White,1986,1986,Modern Age,0.06134969325153374,0.00019930567185770864,0.482962962962963,0.011058628049744638,0.631578947368421
Makkari / Mike Khary / I,Makkari / Mike Khary / I,Female,20000+,Eternals,hero,Unknown,1976,1976,Bronze Age,0.07975460122699386,0.0002227307848086873,0.48439821693907875,0.018070307203230572,0.6
"Hodge, Cameron","Hodge, Cameron",Male,40s,Anti-Mutant Extremist,villain,White,1986,1986,Modern Age,0.08282208588957056,4.1960348607056584e-05,0.4731494920174166,0.01856361270101746,0.8575498575498576
Skin / Angelo Espinosa,Skin / Angelo Espinosa,Male,20s,Generation X,hero,hispanic,1994,1994,Modern Age,0.04294478527607362,2.2254168511888245e-05,0.4490358126721763,0.009133545649649985,0.7912087912087912
Husk / Paige Guthrie,Husk / Paige Guthrie,Female,25s,Generation X,hero,White,1994,1994,Modern Age,0.049079754601226995,3.598331109020007e-05,0.4496551724137931,0.007745412937063273,0.775
Deadpool / Jack / Wade W,Deadpool / Jack / Wade W,Male,35s,"X-Force, Mercenary",Anti-Hero,White,1991,1991,Modern Age,0.03987730061349693,5.6683009237862936e-05,0.4014778325123153,0.004734879408890462,0.782051282051282
